{
    "terrain": {
        "size": [
            10000.0,
            1050.0,
            10000.0
        ],
        "grid_size": [
            255,
            255
        ],
        "normal_sample_radius": 0.03459974005818367,
        "grass_value": [
            0.6909999847412109,
            0.7739999890327454
        ],
        "map_1_scale": [
            0.019999999552965164,
            24.700000762939453,
            0.009999999776482582
        ],
        "map_2_scale": [
            0.4000000059604645,
            0.23999999463558197,
            0.5
        ],
        "map_3_scale": [
            0.10000000149011612,
            1.218999981880188,
            0.10000000149011612
        ],
        "map_1_offset": [
            0.0,
            0.0
        ],
        "map_2_offset": [
            0.0,
            0.0
        ],
        "map_3_offset": [
            0.0,
            0.0
        ],
        "terrain_offset": [
            -0.23718173801898956,
            -50.0,
            -0.5844000577926636
        ],
        "color_water": [
            0.16218969225883484,
            0.6450670957565308,
            0.9646017551422119,
            1.0
        ],
        "color_grass": [
            0.9999990463256836,
            0.9999899864196777,
            1.0,
            1.0
        ],
        "color_mineral1": [
            0.2565588653087616,
            0.517842173576355,
            0.5575221180915833,
            1.0
        ],
        "color_mineral2": [
            0.9049456119537354,
            0.9601770043373108,
            0.9601770043373108,
            1.0
        ],
        "mineral_fading": [
            0.0,
            21130.0
        ],
        "water_altitude": 665.0000214576721,
        "water_fresnel": [
            0.6299999952316284,
            0.14000000059604645
        ],
        "global_scale": 0.019999999552965164,
        "waves_scale": [
            10.0,
            0.006000000052154064,
            10.0
        ],
        "waves_speed": 2.0
    },
    "maps": {
        "main_noise_size": [
            8,
            8
        ],
        "map_size": [
            512,
            512
        ],
        "octaves_count": 8,
        "persistance": 0.7,
        "noise_seed": 60.0,
        "maps": [
            {
                "brightness": 2.273,
                "contrast": 3.33,
                "threshold": 0.485
            },
            {
                "brightness": 3.181999921798706,
                "contrast": 1.3639999628067017,
                "threshold": 0.7950000166893005
            },
            {
                "brightness": 2.878999948501587,
                "contrast": 8.182000160217285,
                "threshold": 0.47699999809265137
            }
        ]
    },
    "camera": {
        "position": [
            2020.447998046875,
            96.5469741821289,
            -2377.453369140625
        ],
        "rotation": [
            -0.07748858630657196,
            5.64497709274292,
            0.0
        ],
        "fov": 0.6981317400932312,
        "zBounds": [
            1.0,
            10000.0
        ]
    },
    "environment": {
        "sun_orientation": [
            0.30892330408096313,
            1.4940193891525269
        ],
        "sun_color": [
            1.0,
            0.9999979734420776,
            0.9999899864196777,
            1.0
        ],
        "sun_specular_color": [
            0.3308402895927429,
            0.6283185482025146,
            0.6283185482025146,
            1.0
        ],
        "sun_intensity": 1.0,
        "sun_specular_intensity": 0.12999999523162842,
        "fog_distance": [
            100.0,
            8000.0
        ],
        "fog_color": [
            0.5624951124191284,
            0.7035409808158875,
            0.747787594795227,
            0.0
        ],
        "color_sky": [
            0.6902654767036438,
            0.9671078324317932,
            1.0,
            1.0
        ],
        "ambient_color": [
            0.0,
            0.0,
            0.0,
            1.0
        ]
    },
    "atmosphere": {
        "horizon_color": [
            0.9999899864196777,
            0.9999955892562866,
            1.0,
            1.0
        ],
        "ground_color": [
            0.9999899864196777,
            1.0,
            0.9999966621398926,
            1.0
        ],
        "horizon_sky_size": 0,
        "horizon_sky_falloff_size": 15.34000015258789,
        "horizon_ground_size": 0,
        "horizon_ground_falloff_size": 9.640000343322754,
        "light_intensity": 0.8999999761581421,
        "sky_horizon_smooth": 0.6899999976158142,
        "ground_horizon_smooth": 0.46000000834465027,
        "sun_size": 0.5,
        "sun_smooth": 0.05000000074505806,
        "sun_glow_intensity": 0.9599999785423279
    }
}