{
    "terrain": {
        "size": [
            10000.0,
            228.0,
            10000.0
        ],
        "grid_size": [
            200,
            200
        ],
        "normal_sample_radius": 0.00430000014603138,
        "grass_value": [
            0.9480000138282776,
            1.0
        ],
        "map_1_scale": [
            0.4699999988079071,
            -1.0,
            0.3400000035762787
        ],
        "map_2_scale": [
            0.44999998807907104,
            0.4699999988079071,
            0.5299999713897705
        ],
        "map_3_scale": [
            0.15000000596046448,
            2.3010001182556152,
            0.20000000298023224
        ],
        "map_1_offset": [
            -0.009999999776482582,
            0.0
        ],
        "map_2_offset": [
            -0.019999999552965164,
            0.0
        ],
        "map_3_offset": [
            0.0,
            0.0
        ],
        "terrain_offset": [
            6.074999809265137,
            230.0,
            -6.678999900817871
        ],
        "color_water": [
            0.20796459913253784,
            0.5794615745544434,
            1.0,
            1.0
        ],
        "color_grass": [
            0.40431004762649536,
            0.7433628439903259,
            0.14472553133964539,
            1.0
        ],
        "color_mineral1": [
            0.1194690465927124,
            0.09342683851718903,
            0.08140811324119568,
            1.0
        ],
        "color_mineral2": [
            0.8672566413879395,
            0.5987738370895386,
            0.35304251313209534,
            1.0
        ],
        "mineral_fading": [
            60.0,
            1010.0
        ],
        "water_altitude": 167.0,
        "water_fresnel": [
            0.800000011920929,
            0.10000000149011612
        ],
        "global_scale": 0.5,
        "waves_scale": [
            10.0,
            0.009999999776482582,
            10.0
        ],
        "waves_speed": 5.0
    },
    "maps": {
        "main_noise_size": [
            8,
            8
        ],
        "map_size": [
            512,
            512
        ],
        "octaves_count": 8,
        "persistance": 0.7,
        "noise_seed": 2.0,
        "maps": [
            {
                "brightness": 2.7269999980926514,
                "contrast": 1.6670000553131104,
                "threshold": 0.6740000247955322
            },
            {
                "brightness": 2.4240000247955322,
                "contrast": 0.9089999794960022,
                "threshold": 0.7269999980926514
            },
            {
                "brightness": 2.4240000247955322,
                "contrast": 2.5759999752044678,
                "threshold": 0.5299999713897705
            }
        ]
    },
    "camera": {
        "position": [
            656.05224609375,
            204.1638641357422,
            994.4322509765625
        ],
        "rotation": [
            -0.027487799525260925,
            -16.205181121826172,
            0.0
        ],
        "fov": 0.9512044191360474,
        "zBounds": [
            1.0,
            10000.0
        ]
    },
    "environment": {
        "sun_orientation": [
            0.3473379909992218,
            1.3580756187438965
        ],
        "sun_color": [
            1.0,
            0.9999980330467224,
            0.9999899864196777,
            1.0
        ],
        "sun_specular_color": [
            0.6398308873176575,
            0.8107579350471497,
            0.9513274431228638,
            1.0
        ],
        "sun_intensity": 1.0,
        "sun_specular_intensity": 0.7699999809265137,
        "fog_distance": [
            3000.0,
            6000.0
        ],
        "fog_color": [
            0.6157491207122803,
            0.748595118522644,
            0.8185840845108032,
            1.0
        ],
        "color_sky": [
            0.269911527633667,
            0.7481259107589722,
            1.0,
            1.0
        ],
        "ambient_color": [
            9.999999974752427e-07,
            9.999899930335232e-07,
            9.999987469200278e-07,
            0.0
        ]
    },
    "atmosphere": {
        "horizon_color": [
            0.9999921917915344,
            0.9999899864196777,
            1.0,
            1.0
        ],
        "ground_color": [
            0.5024276971817017,
            0.6444874405860901,
            0.8053097724914551,
            1.0
        ],
        "horizon_sky_size": 0.1,
        "horizon_sky_falloff_size": 24.760000228881836,
        "horizon_ground_size": 0.1,
        "horizon_ground_falloff_size": 3.390000104904175,
        "light_intensity": 1.0,
        "sky_horizon_smooth": 0.5,
        "ground_horizon_smooth": 0.3700000047683716,
        "sun_size": 0.4699999988079071,
        "sun_smooth": 0.07000000029802322,
        "sun_glow_intensity": 0.949999988079071
    }
}