{
    "terrain": {
        "size": [
            10000.0,
            1050.0,
            10000.0
        ],
        "grid_size": [
            180,
            180
        ],
        "normal_sample_radius": 0.040000103414058685,
        "grass_value": [
            0.8740000128746033,
            0.8769999742507935
        ],
        "map_1_scale": [
            0.019999999552965164,
            24.700000762939453,
            0.009999999776482582
        ],
        "map_2_scale": [
            0.4000000059604645,
            0.23999999463558197,
            0.5
        ],
        "map_3_scale": [
            0.10000000149011612,
            1.218999981880188,
            0.10000000149011612
        ],
        "map_1_offset": [
            0.0,
            0.0
        ],
        "map_2_offset": [
            0.0,
            0.0
        ],
        "map_3_offset": [
            0.0,
            0.0
        ],
        "terrain_offset": [
            -0.23718173801898956,
            -50.0,
            -0.5844000577926636
        ],
        "color_water": [
            0.0,
            0.28318583965301514,
            0.17793124914169312,
            1.0
        ],
        "color_grass": [
            0.12320205569267273,
            0.278761088848114,
            0.04810478538274765,
            1.0
        ],
        "color_mineral1": [
            0.06589033454656601,
            0.1946902871131897,
            0.0611637607216835,
            1.0
        ],
        "color_mineral2": [
            0.04539928585290909,
            0.03066018410027027,
            0.07964599132537842,
            1.0
        ],
        "mineral_fading": [
            -7118.2900390625,
            20310.0
        ],
        "water_altitude": 665.0000214576721,
        "water_fresnel": [
            1.0,
            0.30000001192092896
        ],
        "global_scale": 0.019999999552965164,
        "waves_scale": [
            10.0,
            0.008999999612569809,
            10.0
        ],
        "waves_speed": 5.0
    },
    "maps": {
        "main_noise_size": [
            8,
            8
        ],
        "map_size": [
            512,
            512
        ],
        "octaves_count": 8,
        "persistance": 0.7,
        "noise_seed": 60.0,
        "maps": [
            {
                "brightness": 2.273,
                "contrast": 3.33,
                "threshold": 0.485
            },
            {
                "brightness": 3.181999921798706,
                "contrast": 1.3639999628067017,
                "threshold": 0.7950000166893005
            },
            {
                "brightness": 2.878999948501587,
                "contrast": 8.182000160217285,
                "threshold": 0.47699999809265137
            }
        ]
    },
    "camera": {
        "position": [
            -921.2205810546875,
            71.25508117675781,
            4263.380859375
        ],
        "rotation": [
            -0.10248850286006927,
            2.705033779144287,
            0.0
        ],
        "fov": 0.6981317400932312,
        "zBounds": [
            1.0,
            10000.0
        ]
    },
    "environment": {
        "sun_orientation": [
            0.32637664675712585,
            -0.12915436923503876
        ],
        "sun_color": [
            1.0,
            0.9999899864196777,
            0.9999899864196777,
            1.0
        ],
        "sun_specular_color": [
            0.5132743120193481,
            1.0,
            0.664033055305481,
            1.0
        ],
        "sun_intensity": 1.8600000143051147,
        "sun_specular_intensity": 1.149999976158142,
        "fog_distance": [
            120.0,
            8020.0
        ],
        "fog_color": [
            0.18971729278564453,
            0.2672559320926666,
            0.3761062026023865,
            0.0
        ],
        "color_sky": [
            0.6841569542884827,
            0.7725018262863159,
            0.8053097724914551,
            1.0
        ],
        "ambient_color": [
            0.0,
            0.0,
            0.0,
            1.0
        ]
    },
    "atmosphere": {
        "horizon_color": [
            0.4542250633239746,
            0.5871670842170715,
            0.7079645991325378,
            1.0
        ],
        "ground_color": [
            0.21949642896652222,
            0.491150438785553,
            0.3892808258533478,
            1.0
        ],
        "horizon_sky_size": 0,
        "horizon_sky_falloff_size": 14.770000457763672,
        "horizon_ground_size": 0,
        "horizon_ground_falloff_size": 9.640000343322754,
        "light_intensity": 0.75,
        "sky_horizon_smooth": 0.5099999904632568,
        "ground_horizon_smooth": 0.46000000834465027,
        "sun_size": 0.5,
        "sun_smooth": 0.05000000074505806,
        "sun_glow_intensity": 0.9599999785423279
    }
}