{
    "terrain": {
        "size": [
            100.0,
            4.0,
            100.0
        ],
        "grid_size": [
            255,
            255
        ],
        "normal_sample_radius": 0.005599997937679291,
        "grass_value": [
            0.7540000081062317,
            0.7820000052452087
        ],
        "map_1_scale": [
            0.20000000298023224,
            -5.03000020980835,
            0.10000000149011612
        ],
        "map_2_scale": [
            0.5,
            1.9900000095367432,
            0.5
        ],
        "map_3_scale": [
            0.09300000220537186,
            4.816999912261963,
            0.05900000035762787
        ],
        "map_1_offset": [
            -0.009999999776482582,
            0.0
        ],
        "map_2_offset": [
            -0.019999999552965164,
            0.0
        ],
        "map_3_offset": [
            0.0,
            0.0
        ],
        "terrain_offset": [
            -9.736000061035156,
            2.0999999046325684,
            -5.888999938964844
        ],
        "color_water": [
            0.19735299050807953,
            0.9292035102844238,
            0.715477466583252,
            1.0
        ],
        "color_grass": [
            0.9159291982650757,
            0.7859172821044922,
            0.40933117270469666,
            1.0
        ],
        "color_mineral1": [
            0.04258359968662262,
            0.6415929198265076,
            0.6415929198265076,
            1.0
        ],
        "color_mineral2": [
            0.8097345232963562,
            0.4194849729537964,
            0.16123032569885254,
            1.0
        ],
        "mineral_fading": [
            4.199999809265137,
            12.399999618530273
        ],
        "water_altitude": 5.6300002336502075,
        "water_fresnel": [
            1.0,
            0.18000000715255737
        ],
        "global_scale": 0.18000000715255737,
        "waves_scale": [
            30.0,
            0.006000000052154064,
            30.0
        ],
        "waves_speed": 3.0
    },
    "maps": {
        "main_noise_size": [
            8,
            8
        ],
        "map_size": [
            512,
            512
        ],
        "octaves_count": 8,
        "persistance": 0.7,
        "noise_seed": 7.0,
        "maps": [
            {
                "brightness": 3.484999895095825,
                "contrast": 2.2730000019073486,
                "threshold": 0.5910000205039978
            },
            {
                "brightness": 2.121000051498413,
                "contrast": 0.7580000162124634,
                "threshold": 0.7120000123977661
            },
            {
                "brightness": 4.8480000495910645,
                "contrast": 6.363999843597412,
                "threshold": 0.5080000162124634
            }
        ]
    },
    "camera": {
        "position": [
            32.79070281982422,
            2.8696954250335693,
            46.59646987915039
        ],
        "rotation": [
            -0.05248858407139778,
            3.4149980545043945,
            0.0
        ],
        "fov": 0.9075711965560913,
        "zBounds": [
            0.009999999776482582,
            100.0
        ]
    },
    "environment": {
        "sun_orientation": [
            0.08204793930053711,
            0.525396466255188
        ],
        "sun_color": [
            0.9867256879806519,
            0.954292356967926,
            0.6461743712425232,
            1.0
        ],
        "sun_specular_color": [
            0.9380314350128174,
            1.0,
            0.0,
            1.0
        ],
        "sun_intensity": 1.899999976158142,
        "sun_specular_intensity": 0.5899999737739563,
        "fog_distance": [
            4.0,
            107.0
        ],
        "fog_color": [
            0.29919683933258057,
            0.2667005956172943,
            0.4336283206939697,
            0.0
        ],
        "color_sky": [
            0.1592920422554016,
            0.7098609209060669,
            1.0,
            1.0
        ],
        "ambient_color": [
            0.0,
            0.0,
            0.0,
            1.0
        ]
    },
    "atmosphere": {
        "horizon_color": [
            1.0,
            0.8761062026023865,
            0.8761062026023865,
            1.0
        ],
        "ground_color": [
            0.535554826259613,
            0.8584070801734924,
            0.8155505657196045,
            1.0
        ],
        "horizon_sky_size": 1.5499999523162842,
        "horizon_sky_falloff_size": 29.81999969482422,
        "horizon_ground_size": 1,
        "horizon_ground_falloff_size": 5,
        "light_intensity": 0.7900000214576721,
        "sky_horizon_smooth": 0.8899999856948853,
        "ground_horizon_smooth": 1,
        "sun_size": 0,
        "sun_smooth": 0.3100000023841858,
        "sun_glow_intensity": 0.9900000095367432
    }
}