{
    "terrain": {
        "size": [
            10000.0,
            1000.0,
            10000.0
        ],
        "grid_size": [
            160,
            160
        ],
        "normal_sample_radius": 0.013699984177947044,
        "grass_value": [
            0.9769999980926514,
            0.9850000143051147
        ],
        "map_1_scale": [
            0.3100000023841858,
            -0.8299999833106995,
            0.2800000011920929
        ],
        "map_2_scale": [
            0.4000000059604645,
            0.9800000190734863,
            0.5299999713897705
        ],
        "map_3_scale": [
            5.0,
            0.029999999329447746,
            3.0
        ],
        "map_1_offset": [
            0.0,
            0.0
        ],
        "map_2_offset": [
            0.0,
            0.0
        ],
        "map_3_offset": [
            -0.05000000074505806,
            0.0
        ],
        "terrain_offset": [
            1.4260573387145996,
            40.0,
            -2.539435386657715
        ],
        "color_water": [
            0.12389379739761353,
            0.5813338756561279,
            1.0,
            1.0
        ],
        "color_grass": [
            0.28955820202827454,
            0.6769911646842957,
            0.12281697243452072,
            1.0
        ],
        "color_mineral1": [
            0.10600334405899048,
            0.1043151244521141,
            0.10619467496871948,
            1.0
        ],
        "color_mineral2": [
            0.787610650062561,
            0.6528424024581909,
            0.3763803243637085,
            1.0
        ],
        "mineral_fading": [
            10.0,
            530.0
        ],
        "water_altitude": -59.99999865889549,
        "water_fresnel": [
            0.75,
            0.10000000149011612
        ],
        "global_scale": 0.5,
        "waves_scale": [
            10.0,
            0.009999999776482582,
            10.0
        ],
        "waves_speed": 2.0
    },
    "maps": {
        "main_noise_size": [
            8,
            8
        ],
        "map_size": [
            512,
            512
        ],
        "octaves_count": 8,
        "persistance": 0.7,
        "noise_seed": 2.0,
        "maps": [
            {
                "brightness": 2.2730000019073486,
                "contrast": 3.3329999446868896,
                "threshold": 0.48500001430511475
            },
            {
                "brightness": 2.4240000247955322,
                "contrast": 1.9700000286102295,
                "threshold": 0.6520000100135803
            },
            {
                "brightness": 1.8179999589920044,
                "contrast": 0.9089999794960022,
                "threshold": 0.5
            }
        ]
    },
    "camera": {
        "position": [
            1990.0987548828125,
            165.74081420898438,
            2184.199462890625
        ],
        "rotation": [
            -0.002488594502210617,
            3.5849902629852295,
            0.0
        ],
        "fov": 0.6981317400932312,
        "zBounds": [
            1.0,
            10000.0
        ]
    },
    "environment": {
        "sun_orientation": [
            0.4014257490634918,
            1.3369920253753662
        ],
        "sun_color": [
            1.0,
            0.9999979734420776,
            0.9999899864196777,
            1.0
        ],
        "sun_specular_color": [
            1.0,
            1.0,
            1.0,
            1.0
        ],
        "sun_intensity": 1.0,
        "sun_specular_intensity": 1.0,
        "fog_distance": [
            290.0,
            5970.0
        ],
        "fog_color": [
            0.18055447936058044,
            0.2928798794746399,
            0.4690265655517578,
            0.0
        ],
        "color_sky": [
            0.7389380931854248,
            0.9099377989768982,
            1.0,
            1.0
        ],
        "ambient_color": [
            0.0,
            0.0,
            0.0,
            1.0
        ]
    },
    "atmosphere": {
        "horizon_color": [
            0.5375518798828125,
            0.6186664700508118,
            0.7787610292434692,
            1.0
        ],
        "ground_color": [
            0.43764352798461914,
            0.5044248104095459,
            0.35041898488998413,
            1.0
        ],
        "horizon_sky_size": 0.1,
        "horizon_sky_falloff_size": 17.399999618530273,
        "horizon_ground_size": 0.1,
        "horizon_ground_falloff_size": 5,
        "light_intensity": 0.949999988079071,
        "sky_horizon_smooth": 0.4000000059604645,
        "ground_horizon_smooth": 0.6200000047683716,
        "sun_size": 0.1899999976158142,
        "sun_smooth": 0.3799999952316284,
        "sun_glow_intensity": 0.8399999737739563
    }
}