{
    "terrain": {
        "size": [
            10000.0,
            1640.0,
            10000.0
        ],
        "grid_size": [
            250,
            250
        ],
        "normal_sample_radius": 0.09570105373859406,
        "grass_value": [
            0.8650000095367432,
            0.9589999914169312
        ],
        "map_1_scale": [
            0.019999999552965164,
            23.530000686645508,
            0.009999999776482582
        ],
        "map_2_scale": [
            1.809999942779541,
            -0.1899999976158142,
            1.8899999856948853
        ],
        "map_3_scale": [
            0.11599999666213989,
            0.8019999861717224,
            0.32600000500679016
        ],
        "map_1_offset": [
            0.0,
            0.0
        ],
        "map_2_offset": [
            0.0,
            0.0
        ],
        "map_3_offset": [
            0.0,
            0.0
        ],
        "terrain_offset": [
            -0.17788629233837128,
            -50.0,
            -1.4205000400543213
        ],
        "color_water": [
            0.9292035102844238,
            0.1994628757238388,
            0.032892175018787384,
            1.0
        ],
        "color_grass": [
            0.28813159465789795,
            0.47787612676620483,
            0.06554939597845078,
            1.0
        ],
        "color_mineral1": [
            0.32723894715309143,
            0.8495575189590454,
            0.18795523047447205,
            1.0
        ],
        "color_mineral2": [
            0.17389391362667084,
            0.14590021967887878,
            0.23893803358078003,
            1.0
        ],
        "mineral_fading": [
            -270.0,
            2120.0
        ],
        "water_altitude": 1486.0,
        "water_fresnel": [
            0.9900000095367432,
            0.30000001192092896
        ],
        "global_scale": 0.014999999664723873,
        "waves_scale": [
            10.0,
            0.007000000216066837,
            10.0
        ],
        "waves_speed": 3.0
    },
    "maps": {
        "main_noise_size": [
            8,
            8
        ],
        "map_size": [
            512,
            512
        ],
        "octaves_count": 8,
        "persistance": 0.7,
        "noise_seed": 60.0,
        "maps": [
            {
                "brightness": 2.273,
                "contrast": 3.33,
                "threshold": 0.485
            },
            {
                "brightness": 3.181999921798706,
                "contrast": 1.3639999628067017,
                "threshold": 0.7950000166893005
            },
            {
                "brightness": 2.878999948501587,
                "contrast": 8.182000160217285,
                "threshold": 0.47699999809265137
            }
        ]
    },
    "camera": {
        "position": [
            958.084716796875,
            107.2660140991211,
            1809.11181640625
        ],
        "rotation": [
            -0.0524883009493351,
            9.875140190124512,
            0.0
        ],
        "fov": 0.7958701252937317,
        "zBounds": [
            1.0,
            10000.0
        ]
    },
    "environment": {
        "sun_orientation": [
            0.13788101077079773,
            0.5917190313339233
        ],
        "sun_color": [
            0.991150438785553,
            0.9790898561477661,
            0.8946667909622192,
            1.0
        ],
        "sun_specular_color": [
            1.0,
            0.9999969005584717,
            0.9999899864196777,
            1.0
        ],
        "sun_intensity": 1.5299999713897705,
        "sun_specular_intensity": 0.029999999329447746,
        "fog_distance": [
            400.0,
            10700.0
        ],
        "fog_color": [
            0.5840708017349243,
            0.12146604806184769,
            0.12146604806184769,
            0.0
        ],
        "color_sky": [
            1.0,
            0.7442241311073303,
            0.5929203629493713,
            1.0
        ],
        "ambient_color": [
            0.0,
            0.0,
            0.0,
            1.0
        ]
    },
    "atmosphere": {
        "horizon_color": [
            0.8938053250312805,
            0.8884861469268799,
            0.593233585357666,
            1.0
        ],
        "ground_color": [
            1.0,
            0.0,
            0.0,
            1.0
        ],
        "horizon_sky_size": 0.47999998927116394,
        "horizon_sky_falloff_size": 22.229999542236328,
        "horizon_ground_size": 0.12999999523162842,
        "horizon_ground_falloff_size": 5.579999923706055,
        "light_intensity": 1.0,
        "sky_horizon_smooth": 0.36000001430511475,
        "ground_horizon_smooth": 0.36000001430511475,
        "sun_size": 0.7099999785423279,
        "sun_smooth": 0.28999999165534973,
        "sun_glow_intensity": 0.8799999952316284
    }
}