{
    "terrain": {
        "size": [
            10000.0,
            1000.0,
            10000.0
        ],
        "grid_size": [
            200,
            200
        ],
        "normal_sample_radius": 0.020299972966313362,
        "grass_value": [
            0.9200000166893005,
            0.9340000152587891
        ],
        "map_1_scale": [
            0.07999999821186066,
            2.7799999713897705,
            0.07000000029802322
        ],
        "map_2_scale": [
            0.05000000074505806,
            0.20999999344348907,
            0.23000000417232513
        ],
        "map_3_scale": [
            0.30000001192092896,
            0.4129999876022339,
            0.20000000298023224
        ],
        "map_1_offset": [
            0.0,
            0.0
        ],
        "map_2_offset": [
            0.0,
            0.0
        ],
        "map_3_offset": [
            -0.05000000074505806,
            0.0
        ],
        "terrain_offset": [
            0.17900000512599945,
            40.0,
            -0.9110000133514404
        ],
        "color_water": [
            0.22123897075653076,
            0.5865721106529236,
            1.0,
            1.0
        ],
        "color_grass": [
            0.30441299080848694,
            0.6637167930603027,
            0.14977680146694183,
            1.0
        ],
        "color_mineral1": [
            0.06194686517119408,
            0.06194630637764931,
            0.06194692850112915,
            1.0
        ],
        "color_mineral2": [
            0.7345132827758789,
            0.615785539150238,
            0.315255731344223,
            1.0
        ],
        "mineral_fading": [
            609.7000122070312,
            1937.4000244140625
        ],
        "water_altitude": 360.00001430511475,
        "water_fresnel": [
            0.75,
            0.10000000149011612
        ],
        "global_scale": 0.14000000059604645,
        "waves_scale": [
            20.0,
            0.009999999776482582,
            20.0
        ],
        "waves_speed": 3.0
    },
    "maps": {
        "main_noise_size": [
            8,
            8
        ],
        "map_size": [
            512,
            512
        ],
        "octaves_count": 8,
        "persistance": 0.7,
        "noise_seed": 2.0,
        "maps": [
            {
                "brightness": 2.2730000019073486,
                "contrast": 1.9700000286102295,
                "threshold": 0.42399999499320984
            },
            {
                "brightness": 1.6670000553131104,
                "contrast": 2.7269999980926514,
                "threshold": 0.3709999918937683
            },
            {
                "brightness": 1.8179999589920044,
                "contrast": 0.9089999794960022,
                "threshold": 0.5
            }
        ]
    },
    "camera": {
        "position": [
            2026.736083984375,
            195.21331787109375,
            2722.631591796875
        ],
        "rotation": [
            -0.04748857766389847,
            -2.3950355052948,
            0.0
        ],
        "fov": 0.6981317400932312,
        "zBounds": [
            1.0,
            10000.0
        ]
    },
    "environment": {
        "sun_orientation": [
            0.30372220277786255,
            1.7087647914886475
        ],
        "sun_color": [
            1.0,
            0.9999979734420776,
            0.9999899864196777,
            1.0
        ],
        "sun_specular_color": [
            1.0,
            1.0,
            1.0,
            1.0
        ],
        "sun_intensity": 1.0,
        "sun_specular_intensity": 1.0,
        "fog_distance": [
            1500.0,
            9000.0
        ],
        "fog_color": [
            0.34887224435806274,
            0.5885176658630371,
            0.7654867172241211,
            0.0
        ],
        "color_sky": [
            0.6238937973976135,
            0.8702445030212402,
            1.0,
            1.0
        ],
        "ambient_color": [
            0.0,
            0.0,
            0.0,
            1.0
        ]
    },
    "atmosphere": {
        "horizon_color": [
            0.8849557638168335,
            0.9816772937774658,
            1.0,
            1.0
        ],
        "ground_color": [
            0.43764352798461914,
            0.5044248104095459,
            0.35041898488998413,
            1.0
        ],
        "horizon_sky_size": 0.1,
        "horizon_sky_falloff_size": 17.399999618530273,
        "horizon_ground_size": 0.1,
        "horizon_ground_falloff_size": 5,
        "light_intensity": 1.0,
        "sky_horizon_smooth": 0.4000000059604645,
        "ground_horizon_smooth": 0.6200000047683716,
        "sun_size": 0.1899999976158142,
        "sun_smooth": 0.3799999952316284,
        "sun_glow_intensity": 0.8399999737739563
    }
}