{
    "terrain": {
        "size": [
            1000.0,
            64.0,
            1000.0
        ],
        "grid_size": [
            255,
            255
        ],
        "normal_sample_radius": 0.009999990463256836,
        "grass_value": [
            0.9909999966621399,
            1.0
        ],
        "map_1_scale": [
            0.4699999988079071,
            -0.7799999713897705,
            0.2800000011920929
        ],
        "map_2_scale": [
            0.3400000035762787,
            0.5099999904632568,
            0.6000000238418579
        ],
        "map_3_scale": [
            0.28200000524520874,
            0.28999999165534973,
            0.20000000298023224
        ],
        "map_1_offset": [
            -0.009999999776482582,
            0.0
        ],
        "map_2_offset": [
            -0.019999999552965164,
            0.0
        ],
        "map_3_offset": [
            0.0,
            0.0
        ],
        "terrain_offset": [
            -0.7929999828338623,
            10.0,
            -9.09000015258789
        ],
        "color_water": [
            0.2464170902967453,
            0.8655127882957458,
            0.9601770043373108,
            1.0
        ],
        "color_grass": [
            0.8716814517974854,
            0.6193716526031494,
            0.22370584309101105,
            1.0
        ],
        "color_mineral1": [
            0.0,
            0.36283183097839355,
            0.36283183097839355,
            1.0
        ],
        "color_mineral2": [
            0.4336283206939697,
            0.26152151823043823,
            0.08634191751480103,
            1.0
        ],
        "mineral_fading": [
            11.0,
            19.0
        ],
        "water_altitude": 13.500000536441803,
        "water_fresnel": [
            0.699999988079071,
            0.10000000149011612
        ],
        "global_scale": 0.5299999713897705,
        "waves_scale": [
            20.0,
            0.004999999888241291,
            20.0
        ],
        "waves_speed": 3.0
    },
    "maps": {
        "main_noise_size": [
            8,
            8
        ],
        "map_size": [
            512,
            512
        ],
        "octaves_count": 8,
        "persistance": 0.7,
        "noise_seed": 2.0,
        "maps": [
            {
                "brightness": 3.181999921798706,
                "contrast": 2.121000051498413,
                "threshold": 0.7649999856948853
            },
            {
                "brightness": 2.121000051498413,
                "contrast": 1.9700000286102295,
                "threshold": 0.6060000061988831
            },
            {
                "brightness": 1.8179999589920044,
                "contrast": 0.0,
                "threshold": 0.0
            }
        ]
    },
    "camera": {
        "position": [
            -132.01962280273438,
            18.155010223388672,
            34.9074592590332
        ],
        "rotation": [
            0.012511109933257103,
            -0.6499910354614258,
            0.0
        ],
        "fov": 0.6981317400932312,
        "zBounds": [
            0.10000000149011612,
            1000.0
        ]
    },
    "environment": {
        "sun_orientation": [
            0.4956735372543335,
            3.1242268085479736
        ],
        "sun_color": [
            1.0,
            0.9999979734420776,
            0.9999899864196777,
            1.0
        ],
        "sun_specular_color": [
            1.0,
            1.0,
            1.0,
            1.0
        ],
        "sun_intensity": 1.0,
        "sun_specular_intensity": 1.0,
        "fog_distance": [
            107.0,
            858.0
        ],
        "fog_color": [
            0.5650403499603271,
            0.79169762134552,
            0.8628318309783936,
            0.0
        ],
        "color_sky": [
            0.0,
            0.6893141865730286,
            0.9734513163566589,
            1.0
        ],
        "ambient_color": [
            0.0,
            0.0,
            0.0,
            1.0
        ]
    },
    "atmosphere": {
        "horizon_color": [
            0.8470123410224915,
            0.9830196499824524,
            0.9867256879806519,
            1.0
        ],
        "ground_color": [
            1.0,
            0.8025295734405518,
            0.4557521939277649,
            1.0
        ],
        "horizon_sky_size": 0.1,
        "horizon_sky_falloff_size": 20.8799991607666,
        "horizon_ground_size": 0.1,
        "horizon_ground_falloff_size": 5,
        "light_intensity": 1.0,
        "sky_horizon_smooth": 1.1100000143051147,
        "ground_horizon_smooth": 0.27000001072883606,
        "sun_size": 0.3199999928474426,
        "sun_smooth": 0,
        "sun_glow_intensity": 1.0
    }
}