{
    "terrain": {
        "size": [
            10000.0,
            1000.0,
            10000.0
        ],
        "grid_size": [
            255,
            255
        ],
        "normal_sample_radius": 0.02,
        "grass_value": [
            0.9240000247955322,
            0.9649999737739563
        ],
        "map_1_scale": [
            0.029999999329447746,
            7.130000114440918,
            0.029999999329447746
        ],
        "map_2_scale": [
            0.03999999910593033,
            9.609999656677246,
            0.07000000029802322
        ],
        "map_3_scale": [
            0.20000000298023224,
            -1.7690000534057617,
            0.10000000149011612
        ],
        "map_1_offset": [
            0.0,
            0.0
        ],
        "map_2_offset": [
            0.0,
            0.0
        ],
        "map_3_offset": [
            0.0,
            0.0
        ],
        "terrain_offset": [
            0.12666666507720947,
            0.0,
            -0.12700000405311584
        ],
        "color_water": [
            1.0,
            0.6371681690216064,
            0.0,
            1.0
        ],
        "color_grass": [
            9.999999974752427e-07,
            9.999931762649794e-07,
            9.999899930335232e-07,
            1.0
        ],
        "color_mineral1": [
            1.0,
            0.0,
            0.0,
            1.0
        ],
        "color_mineral2": [
            9.999999974752427e-07,
            9.99996586870111e-07,
            9.999899930335232e-07,
            1.0
        ],
        "mineral_fading": [
            -3200.0,
            2120.0
        ],
        "water_altitude": -1222.0,
        "water_fresnel": [
            0.9900000095367432,
            0.30000001192092896
        ],
        "global_scale": 0.07599999755620956,
        "waves_scale": [
            10.0,
            0.06700000166893005,
            10.0
        ],
        "waves_speed": 1.0
    },
    "maps": {
        "main_noise_size": [
            8,
            8
        ],
        "map_size": [
            512,
            512
        ],
        "octaves_count": 8,
        "persistance": 0.7,
        "noise_seed": 0.0,
        "maps": [
            {
                "brightness": 2.273,
                "contrast": 3.33,
                "threshold": 0.485
            },
            {
                "brightness": 2.424,
                "contrast": 1.97,
                "threshold": 0.652
            },
            {
                "brightness": 1.818,
                "contrast": 0.909,
                "threshold": 0.5
            }
        ]
    },
    "camera": {
        "position": [
            1689.1534423828125,
            15.778082847595215,
            460.7860412597656
        ],
        "rotation": [
            -0.18748900294303894,
            -9.270106315612793,
            0.0
        ],
        "fov": 1.0559241771697998,
        "zBounds": [
            1.0,
            10000.0
        ]
    },
    "environment": {
        "sun_orientation": [
            0.16929695010185242,
            0.39269909262657166
        ],
        "sun_color": [
            1.0,
            0.9578589200973511,
            0.7168141603469849,
            1.0
        ],
        "sun_specular_color": [
            1.0,
            1.0,
            1.0,
            1.0
        ],
        "sun_intensity": 1.0,
        "sun_specular_intensity": 0.0,
        "fog_distance": [
            240.0,
            4480.0
        ],
        "fog_color": [
            0.24336284399032593,
            0.07537787407636642,
            0.07537787407636642,
            0.0
        ],
        "color_sky": [
            1.0,
            0.45132744312286377,
            0.45132744312286377,
            1.0
        ],
        "ambient_color": [
            0.1194690465927124,
            0.0,
            0.0,
            0.0
        ]
    },
    "atmosphere": {
        "horizon_color": [
            0.8938053250312805,
            0.8884861469268799,
            0.593233585357666,
            1.0
        ],
        "ground_color": [
            1.0,
            0.0,
            0.0,
            1.0
        ],
        "horizon_sky_size": 0.47999998927116394,
        "horizon_sky_falloff_size": 22.229999542236328,
        "horizon_ground_size": 0.12999999523162842,
        "horizon_ground_falloff_size": 5.579999923706055,
        "light_intensity": 1.0,
        "sky_horizon_smooth": 0.36000001430511475,
        "ground_horizon_smooth": 0.36000001430511475,
        "sun_size": 13.069999694824219,
        "sun_smooth": 0.8999999761581421,
        "sun_glow_intensity": 1.350000023841858
    }
}