{
    "terrain": {
        "size": [
            10000.0,
            1880.0,
            10000.0
        ],
        "grid_size": [
            200,
            200
        ],
        "normal_sample_radius": 0.006999995559453964,
        "grass_value": [
            0.906000018119812,
            0.9950000047683716
        ],
        "map_1_scale": [
            0.4699999988079071,
            -0.44999998807907104,
            0.2800000011920929
        ],
        "map_2_scale": [
            0.3400000035762787,
            0.44999998807907104,
            0.6000000238418579
        ],
        "map_3_scale": [
            30.0,
            0.023000000044703484,
            10.0
        ],
        "map_1_offset": [
            -0.009999999776482582,
            0.0
        ],
        "map_2_offset": [
            -0.019999999552965164,
            0.0
        ],
        "map_3_offset": [
            0.0,
            0.0
        ],
        "terrain_offset": [
            -0.7929999828338623,
            100.0,
            -9.09000015258789
        ],
        "color_water": [
            0.3759300112724304,
            0.9189023971557617,
            0.9336283206939697,
            1.0
        ],
        "color_grass": [
            0.7964601516723633,
            0.5938052535057068,
            0.19382880628108978,
            1.0
        ],
        "color_mineral1": [
            0.07024824619293213,
            0.13248690962791443,
            0.230088472366333,
            1.0
        ],
        "color_mineral2": [
            0.40707963705062866,
            0.2848179340362549,
            0.17291878163814545,
            1.0
        ],
        "mineral_fading": [
            30.0,
            90.0
        ],
        "water_altitude": 29.999999329447746,
        "water_fresnel": [
            0.800000011920929,
            0.1899999976158142
        ],
        "global_scale": 0.5299999713897705,
        "waves_scale": [
            20.0,
            0.009999999776482582,
            20.0
        ],
        "waves_speed": 3.0
    },
    "maps": {
        "main_noise_size": [
            8,
            8
        ],
        "map_size": [
            512,
            512
        ],
        "octaves_count": 8,
        "persistance": 0.7,
        "noise_seed": 2.0,
        "maps": [
            {
                "brightness": 3.181999921798706,
                "contrast": 2.121000051498413,
                "threshold": 0.7649999856948853
            },
            {
                "brightness": 2.121000051498413,
                "contrast": 1.9700000286102295,
                "threshold": 0.6060000061988831
            },
            {
                "brightness": 1.8179999589920044,
                "contrast": 0.0,
                "threshold": 0.0
            }
        ]
    },
    "camera": {
        "position": [
            -2540.96240234375,
            139.79034423828125,
            2481.1083984375
        ],
        "rotation": [
            -0.0724887102842331,
            2.5399739742279053,
            0.0
        ],
        "fov": 0.9023352265357971,
        "zBounds": [
            1.0,
            10000.0
        ]
    },
    "environment": {
        "sun_orientation": [
            0.6248278617858887,
            0.3770435154438019
        ],
        "sun_color": [
            1.0,
            0.9999979734420776,
            0.9999899864196777,
            1.0
        ],
        "sun_specular_color": [
            1.0,
            1.0,
            1.0,
            1.0
        ],
        "sun_intensity": 1.0,
        "sun_specular_intensity": 0.6899999976158142,
        "fog_distance": [
            1400.0,
            8100.00048828125
        ],
        "fog_color": [
            0.5929203629493713,
            0.4512491226196289,
            0.5904127359390259,
            0.0
        ],
        "color_sky": [
            0.37884721159935,
            0.6681328415870667,
            0.9955752491950989,
            1.0
        ],
        "ambient_color": [
            0.0,
            0.0,
            0.0,
            1.0
        ]
    },
    "atmosphere": {
        "horizon_color": [
            0.9999899864196777,
            0.9999997615814209,
            1.0,
            1.0
        ],
        "ground_color": [
            1.0,
            0.8601300120353699,
            0.6637167930603027,
            1.0
        ],
        "horizon_sky_size": 0.1,
        "horizon_sky_falloff_size": 30.110000610351562,
        "horizon_ground_size": 0.1,
        "horizon_ground_falloff_size": 5,
        "light_intensity": 1,
        "sky_horizon_smooth": 1.1100000143051147,
        "ground_horizon_smooth": 0.27000001072883606,
        "sun_size": 0.2199999988079071,
        "sun_smooth": 0.41999998688697815,
        "sun_glow_intensity": 1.0399999618530273
    }
}