{
    "terrain": {
        "size": [
            10000.0,
            400.0,
            10000.0
        ],
        "grid_size": [
            100,
            100
        ],
        "normal_sample_radius": 0.00430000014603138,
        "grass_value": [
            0.9300000071525574,
            0.9419999718666077
        ],
        "map_1_scale": [
            0.4699999988079071,
            -0.9800000190734863,
            0.3400000035762787
        ],
        "map_2_scale": [
            0.44999998807907104,
            -0.5799999833106995,
            0.5299999713897705
        ],
        "map_3_scale": [
            0.15000000596046448,
            1.7259999513626099,
            0.20000000298023224
        ],
        "map_1_offset": [
            -0.009999999776482582,
            0.0
        ],
        "map_2_offset": [
            -0.019999999552965164,
            0.0
        ],
        "map_3_offset": [
            0.0,
            0.0
        ],
        "terrain_offset": [
            6.074999809265137,
            230.0,
            -6.678999900817871
        ],
        "color_water": [
            0.18141591548919678,
            0.5653699636459351,
            1.0,
            1.0
        ],
        "color_grass": [
            0.3672454059123993,
            0.730088472366333,
            0.19059833884239197,
            1.0
        ],
        "color_mineral1": [
            0.07700290530920029,
            0.08861929923295975,
            0.10176992416381836,
            1.0
        ],
        "color_mineral2": [
            0.17885111272335052,
            0.6881585121154785,
            0.8982300758361816,
            1.0
        ],
        "mineral_fading": [
            60.0,
            1010.0
        ],
        "water_altitude": 209.99999344348907,
        "water_fresnel": [
            0.75,
            0.10000000149011612
        ],
        "global_scale": 0.5,
        "waves_scale": [
            10.0,
            0.009999999776482582,
            10.0
        ],
        "waves_speed": 2.0
    },
    "maps": {
        "main_noise_size": [
            8,
            8
        ],
        "map_size": [
            512,
            512
        ],
        "octaves_count": 8,
        "persistance": 0.7,
        "noise_seed": 2.0,
        "maps": [
            {
                "brightness": 2.7269999980926514,
                "contrast": 1.6670000553131104,
                "threshold": 0.6740000247955322
            },
            {
                "brightness": 2.4240000247955322,
                "contrast": 0.9089999794960022,
                "threshold": 0.7269999980926514
            },
            {
                "brightness": 2.4240000247955322,
                "contrast": 2.5759999752044678,
                "threshold": 0.5299999713897705
            }
        ]
    },
    "camera": {
        "position": [
            67.62737274169922,
            166.50730895996094,
            143.8666229248047
        ],
        "rotation": [
            -0.06248783692717552,
            3.9551172256469727,
            0.0
        ],
        "fov": 0.9512044191360474,
        "zBounds": [
            1.0,
            10000.0
        ]
    },
    "environment": {
        "sun_orientation": [
            0.3473379909992218,
            1.3580756187438965
        ],
        "sun_color": [
            1.0,
            0.9999980330467224,
            0.9999899864196777,
            1.0
        ],
        "sun_specular_color": [
            0.6398308873176575,
            0.8107579350471497,
            0.9513274431228638,
            1.0
        ],
        "sun_intensity": 1.0,
        "sun_specular_intensity": 0.6499999761581421,
        "fog_distance": [
            2000.0,
            5860.0
        ],
        "fog_color": [
            0.36676713824272156,
            0.44209396839141846,
            0.6327433586120605,
            1.0
        ],
        "color_sky": [
            0.6150442361831665,
            0.8671914339065552,
            1.0,
            1.0
        ],
        "ambient_color": [
            9.999999974752427e-07,
            9.999899930335232e-07,
            9.999987469200278e-07,
            0.0
        ]
    },
    "atmosphere": {
        "horizon_color": [
            0.9467508792877197,
            0.9341373443603516,
            0.991150438785553,
            1.0
        ],
        "ground_color": [
            0.3137255012989044,
            0.4588235318660736,
            0.6235294342041016,
            1.0
        ],
        "horizon_sky_size": 0.1,
        "horizon_sky_falloff_size": 16.559999465942383,
        "horizon_ground_size": 0.1,
        "horizon_ground_falloff_size": 5,
        "light_intensity": 0.9300000071525574,
        "sky_horizon_smooth": 0.5,
        "ground_horizon_smooth": 0.5,
        "sun_size": 0.41999998688697815,
        "sun_smooth": 0.07999999821186066,
        "sun_glow_intensity": 1.0199999809265137
    }
}