{
    "terrain": {
        "size": [
            10000.0,
            1000.0,
            10000.0
        ],
        "grid_size": [
            128,
            128
        ],
        "normal_sample_radius": 0.0044999998062849045,
        "grass_value": [
            0.9789999723434448,
            0.9800000190734863
        ],
        "map_1_scale": [
            0.30000001192092896,
            -0.30000001192092896,
            0.30000001192092896
        ],
        "map_2_scale": [
            0.4000000059604645,
            1.0,
            0.5
        ],
        "map_3_scale": [
            5.0,
            0.035999998450279236,
            5.0
        ],
        "map_1_offset": [
            0.0,
            0.0
        ],
        "map_2_offset": [
            0.0,
            0.0
        ],
        "map_3_offset": [
            0.0,
            0.0
        ],
        "terrain_offset": [
            0.0,
            0.0,
            0.0
        ],
        "color_water": [
            0.25221240520477295,
            0.6439876556396484,
            1.0,
            1.0
        ],
        "color_grass": [
            0.37929657101631165,
            0.7964601516723633,
            0.1762080192565918,
            1.0
        ],
        "color_mineral1": [
            0.32743364572525024,
            0.2585064172744751,
            0.08403164148330688,
            1.0
        ],
        "color_mineral2": [
            0.9424778819084167,
            0.7241025567054749,
            0.29608815908432007,
            1.0
        ],
        "mineral_fading": [
            10.0,
            300.0
        ],
        "water_altitude": -70.0,
        "water_fresnel": [
            0.699999988079071,
            0.10000000149011612
        ],
        "global_scale": 1,
        "waves_scale": [
            10.0,
            0.009999999776482582,
            10.0
        ],
        "waves_speed": 5.0
    },
    "maps": {
        "main_noise_size": [
            8,
            8
        ],
        "map_size": [
            512,
            512
        ],
        "octaves_count": 8,
        "persistance": 0.7,
        "noise_seed": 0.0,
        "maps": [
            {
                "brightness": 2.273,
                "contrast": 3.33,
                "threshold": 0.485
            },
            {
                "brightness": 2.424,
                "contrast": 1.97,
                "threshold": 0.652
            },
            {
                "brightness": 1.818,
                "contrast": 0.909,
                "threshold": 0.5
            }
        ]
    },
    "camera": {
        "position": [
            3903.832275390625,
            57.82959747314453,
            -1133.6741943359375
        ],
        "rotation": [
            -0.12248826771974564,
            5.215031147003174,
            0.0
        ],
        "fov": 0.8726646304130554,
        "zBounds": [
            1.0,
            10000.0
        ]
    },
    "environment": {
        "sun_orientation": [
            0.21991148591041565,
            2.3806467056274414
        ],
        "sun_color": [
            1.0,
            1.0,
            1.0,
            1.0
        ],
        "sun_specular_color": [
            1.0,
            1.0,
            1.0,
            1.0
        ],
        "sun_intensity": 1.5,
        "sun_specular_intensity": 0.07000000029802322,
        "fog_distance": [
            2000.0,
            9000.0
        ],
        "fog_color": [
            0.18431372940540314,
            0.2549019753932953,
            0.43529415130615234,
            0.0
        ],
        "color_sky": [
            0.5921568870544434,
            0.8588235974311829,
            1.0,
            1.0
        ],
        "ambient_color": [
            0.0,
            0.0,
            0.0,
            0.0
        ]
    },
    "atmosphere": {
        "horizon_color": [
            1.0,
            1.0,
            1.0,
            1.0
        ],
        "ground_color": [
            0.3137255012989044,
            0.4588235318660736,
            0.6235294342041016,
            1.0
        ],
        "horizon_sky_size": 0.1,
        "horizon_sky_falloff_size": 5,
        "horizon_ground_size": 0.1,
        "horizon_ground_falloff_size": 5,
        "light_intensity": 1,
        "sky_horizon_smooth": 0.5,
        "ground_horizon_smooth": 0.5,
        "sun_size": 0.5,
        "sun_smooth": 0.25,
        "sun_glow_intensity": 0.8
    }
}