{
    "terrain": {
        "size": [
            10000.0,
            400.0,
            10000.0
        ],
        "grid_size": [
            200,
            200
        ],
        "normal_sample_radius": 0.00279999990016222,
        "grass_value": [
            0.953000009059906,
            0.9599999785423279
        ],
        "map_1_scale": [
            0.4699999988079071,
            -0.6899999976158142,
            0.3400000035762787
        ],
        "map_2_scale": [
            0.4000000059604645,
            1.5199999809265137,
            0.5299999713897705
        ],
        "map_3_scale": [
            0.15000000596046448,
            1.402999997138977,
            0.20000000298023224
        ],
        "map_1_offset": [
            -0.009999999776482582,
            0.0
        ],
        "map_2_offset": [
            -0.019999999552965164,
            0.0
        ],
        "map_3_offset": [
            0.0,
            0.0
        ],
        "terrain_offset": [
            7.786595821380615,
            210.0,
            -9.110808372497559
        ],
        "color_water": [
            0.10131961852312088,
            0.7107436656951904,
            0.9955752491950989,
            1.0
        ],
        "color_grass": [
            0.9513235688209534,
            0.9513274431228638,
            0.9513179063796997,
            1.0
        ],
        "color_mineral1": [
            0.07700290530920029,
            0.08861929923295975,
            0.10176992416381836,
            1.0
        ],
        "color_mineral2": [
            0.29330798983573914,
            0.5936892628669739,
            0.9336283206939697,
            1.0
        ],
        "mineral_fading": [
            270.0,
            970.0
        ],
        "water_altitude": 200.00000298023224,
        "water_fresnel": [
            1.0,
            0.25
        ],
        "global_scale": 0.6800000071525574,
        "waves_scale": [
            40.0,
            0.009999999776482582,
            40.0
        ],
        "waves_speed": 2.0
    },
    "maps": {
        "main_noise_size": [
            8,
            8
        ],
        "map_size": [
            512,
            512
        ],
        "octaves_count": 8,
        "persistance": 0.7,
        "noise_seed": 2.0,
        "maps": [
            {
                "brightness": 2.7269999980926514,
                "contrast": 1.6670000553131104,
                "threshold": 0.6740000247955322
            },
            {
                "brightness": 2.4240000247955322,
                "contrast": 0.9089999794960022,
                "threshold": 0.7269999980926514
            },
            {
                "brightness": 2.4240000247955322,
                "contrast": 2.5759999752044678,
                "threshold": 0.5299999713897705
            }
        ]
    },
    "camera": {
        "position": [
            -1879.5262451171875,
            339.7732238769531,
            1502.7943115234375
        ],
        "rotation": [
            -0.04248807951807976,
            2.320046901702881,
            0.0
        ],
        "fov": 1.1746066808700562,
        "zBounds": [
            1.0,
            10000.0
        ]
    },
    "environment": {
        "sun_orientation": [
            0.30892330408096313,
            -1.1763170957565308
        ],
        "sun_color": [
            1.0,
            0.9999980330467224,
            0.9999899864196777,
            1.0
        ],
        "sun_specular_color": [
            0.9999899864196777,
            0.999997079372406,
            1.0,
            1.0
        ],
        "sun_intensity": 1.0,
        "sun_specular_intensity": 0.25999999046325684,
        "fog_distance": [
            200.0,
            9450.0
        ],
        "fog_color": [
            0.16003601253032684,
            0.32808542251586914,
            0.5398229956626892,
            0.0
        ],
        "color_sky": [
            0.0,
            0.5221414566040039,
            1.0,
            1.0
        ],
        "ambient_color": [
            0.0,
            0.0,
            0.0,
            1.0
        ]
    },
    "atmosphere": {
        "horizon_color": [
            0.6387540102005005,
            0.8629594445228577,
            0.9955752491950989,
            1.0
        ],
        "ground_color": [
            0.535554826259613,
            0.8584070801734924,
            0.8155505657196045,
            1.0
        ],
        "horizon_sky_size": 0.800000011920929,
        "horizon_sky_falloff_size": 28.68000030517578,
        "horizon_ground_size": 1,
        "horizon_ground_falloff_size": 5,
        "light_intensity": 0.800000011920929,
        "sky_horizon_smooth": 0.8799999952316284,
        "ground_horizon_smooth": 1,
        "sun_size": 0.46000000834465027,
        "sun_smooth": 0.36000001430511475,
        "sun_glow_intensity": 0.9800000190734863
    }
}