{
    "terrain": {
        "size": [
            3500.0,
            367.5,
            3500.0
        ],
        "grid_size": [
            255,
            255
        ],
        "normal_sample_radius": 0.0399998314678669,
        "grass_value": [
            0.8730000257492065,
            1.0
        ],
        "map_1_scale": [
            0.019999999552965164,
            24.700000762939453,
            0.009999999776482582
        ],
        "map_2_scale": [
            0.4000000059604645,
            0.23999999463558197,
            0.5
        ],
        "map_3_scale": [
            0.10000000149011612,
            1.218999981880188,
            0.10000000149011612
        ],
        "map_1_offset": [
            0.0,
            0.0
        ],
        "map_2_offset": [
            0.0,
            0.0
        ],
        "map_3_offset": [
            0.0,
            0.0
        ],
        "terrain_offset": [
            -0.23718173801898956,
            -17.5,
            -0.5844000577926636
        ],
        "color_water": [
            0.026157110929489136,
            0.5122072100639343,
            0.7389380931854248,
            1.0
        ],
        "color_grass": [
            0.9778761267662048,
            0.8761752843856812,
            0.6187446117401123,
            1.0
        ],
        "color_mineral1": [
            0.5893179178237915,
            0.9033475518226624,
            0.9513274431228638,
            1.0
        ],
        "color_mineral2": [
            0.7831858396530151,
            0.7657071352005005,
            0.7138773798942566,
            1.0
        ],
        "mineral_fading": [
            0.0,
            7395.5
        ],
        "water_altitude": 232.7500075101852,
        "water_fresnel": [
            0.28999999165534973,
            0.05999999865889549
        ],
        "global_scale": 0.019999999552965164,
        "waves_scale": [
            20.0,
            0.004999999888241291,
            20.0
        ],
        "waves_speed": 4.0
    },
    "maps": {
        "main_noise_size": [
            8,
            8
        ],
        "map_size": [
            512,
            512
        ],
        "octaves_count": 8,
        "persistance": 0.7,
        "noise_seed": 60.0,
        "maps": [
            {
                "brightness": 2.273,
                "contrast": 3.33,
                "threshold": 0.485
            },
            {
                "brightness": 3.181999921798706,
                "contrast": 1.3639999628067017,
                "threshold": 0.7950000166893005
            },
            {
                "brightness": 2.878999948501587,
                "contrast": 8.182000160217285,
                "threshold": 0.47699999809265137
            }
        ]
    },
    "camera": {
        "position": [
            303.7818603515625,
            85.8459701538086,
            951.158203125
        ],
        "rotation": [
            -0.08248867839574814,
            3.9650163650512695,
            0.0
        ],
        "fov": 0.940732479095459,
        "zBounds": [
            0.3499999940395355,
            3500.0
        ]
    },
    "environment": {
        "sun_orientation": [
            0.2809980511665344,
            1.0803937911987305
        ],
        "sun_color": [
            0.9955752491950989,
            0.987582802772522,
            0.8149620294570923,
            1.0
        ],
        "sun_specular_color": [
            0.5607143640518188,
            0.6946902275085449,
            0.08914168179035187,
            1.0
        ],
        "sun_intensity": 1.0,
        "sun_specular_intensity": 0.5899999737739563,
        "fog_distance": [
            35.0,
            2404.5
        ],
        "fog_color": [
            0.33268076181411743,
            0.4674096405506134,
            0.6371681690216064,
            0.0
        ],
        "color_sky": [
            0.48672568798065186,
            0.8773852586746216,
            1.0,
            1.0
        ],
        "ambient_color": [
            0.13608318567276,
            0.014566529542207718,
            0.13716816902160645,
            1.0
        ]
    },
    "atmosphere": {
        "horizon_color": [
            0.9165166020393372,
            0.8849557638168335,
            1.0,
            1.0
        ],
        "ground_color": [
            0.9999899864196777,
            1.0,
            0.9999966621398926,
            1.0
        ],
        "horizon_sky_size": 0,
        "horizon_sky_falloff_size": 15.34000015258789,
        "horizon_ground_size": 0,
        "horizon_ground_falloff_size": 9.640000343322754,
        "light_intensity": 1.0,
        "sky_horizon_smooth": 0.6899999976158142,
        "ground_horizon_smooth": 0.46000000834465027,
        "sun_size": 0.4300000071525574,
        "sun_smooth": 0.05999999865889549,
        "sun_glow_intensity": 0.8799999952316284
    }
}