{
    "terrain": {
        "size": [
            1000.0,
            47.0,
            1000.0
        ],
        "grid_size": [
            250,
            250
        ],
        "normal_sample_radius": 0.003100000089034438,
        "grass_value": [
            0.847000002861023,
            0.8709999918937683
        ],
        "map_1_scale": [
            0.4699999988079071,
            -0.6800000071525574,
            0.3400000035762787
        ],
        "map_2_scale": [
            0.4000000059604645,
            2.240000009536743,
            0.5299999713897705
        ],
        "map_3_scale": [
            0.15000000596046448,
            2.365999937057495,
            0.20000000298023224
        ],
        "map_1_offset": [
            -0.009999999776482582,
            0.0
        ],
        "map_2_offset": [
            -0.019999999552965164,
            0.0
        ],
        "map_3_offset": [
            0.0,
            0.0
        ],
        "terrain_offset": [
            6.183472633361816,
            21.0,
            -7.235052585601807
        ],
        "color_water": [
            0.9999899864196777,
            0.999997615814209,
            1.0,
            1.0
        ],
        "color_grass": [
            0.9247744083404541,
            0.9247787594795227,
            0.9247695207595825,
            1.0
        ],
        "color_mineral1": [
            0.07700290530920029,
            0.08861929923295975,
            0.10176992416381836,
            1.0
        ],
        "color_mineral2": [
            0.7743362784385681,
            0.5344976186752319,
            0.5472321510314941,
            1.0
        ],
        "mineral_fading": [
            27.0,
            97.0
        ],
        "water_altitude": 21.699999272823334,
        "water_fresnel": [
            1.0,
            0.25
        ],
        "global_scale": 0.5400000214576721,
        "waves_scale": [
            20.0,
            0.004999999888241291,
            20.0
        ],
        "waves_speed": 0.0
    },
    "maps": {
        "main_noise_size": [
            8,
            8
        ],
        "map_size": [
            512,
            512
        ],
        "octaves_count": 8,
        "persistance": 0.7,
        "noise_seed": 2.0,
        "maps": [
            {
                "brightness": 2.7269999980926514,
                "contrast": 1.6670000553131104,
                "threshold": 0.6740000247955322
            },
            {
                "brightness": 2.4240000247955322,
                "contrast": 0.9089999794960022,
                "threshold": 0.7269999980926514
            },
            {
                "brightness": 2.4240000247955322,
                "contrast": 2.5759999752044678,
                "threshold": 0.5299999713897705
            }
        ]
    },
    "camera": {
        "position": [
            248.64151000976562,
            61.511634826660156,
            128.39695739746094
        ],
        "rotation": [
            0.08251138776540756,
            -2.08009934425354,
            0.0
        ],
        "fov": 1.0471975803375244,
        "zBounds": [
            0.10000000149011612,
            1000.0
        ]
    },
    "environment": {
        "sun_orientation": [
            0.7749262452125549,
            0.8290663361549377
        ],
        "sun_color": [
            1.0,
            0.9999980330467224,
            0.9999899864196777,
            1.0
        ],
        "sun_specular_color": [
            1.0,
            1.0,
            1.0,
            1.0
        ],
        "sun_intensity": 1.0,
        "sun_specular_intensity": 0.800000011920929,
        "fog_distance": [
            20.0,
            870.0
        ],
        "fog_color": [
            0.41614454984664917,
            0.6968522071838379,
            0.8628318309783936,
            0.0
        ],
        "color_sky": [
            0.0,
            0.588223934173584,
            0.8982300758361816,
            1.0
        ],
        "ambient_color": [
            0.0,
            0.0,
            0.0,
            1.0
        ]
    },
    "atmosphere": {
        "horizon_color": [
            1.0,
            0.9999899864196777,
            0.9999899864196777,
            1.0
        ],
        "ground_color": [
            1.0,
            0.9999966621398926,
            0.9999899864196777,
            1.0
        ],
        "horizon_sky_size": 0,
        "horizon_sky_falloff_size": 24.829999923706055,
        "horizon_ground_size": 1,
        "horizon_ground_falloff_size": 5,
        "light_intensity": 1,
        "sky_horizon_smooth": 0.6600000262260437,
        "ground_horizon_smooth": 1,
        "sun_size": 0.23000000417232513,
        "sun_smooth": 0.27000001072883606,
        "sun_glow_intensity": 0.8399999737739563
    }
}