{
    "terrain": {
        "size": [
            100.0,
            10.0,
            100.0
        ],
        "grid_size": [
            128,
            128
        ],
        "normal_sample_radius": 0.006099997088313103,
        "grass_value": [
            0.9490000009536743,
            0.953000009059906
        ],
        "map_1_scale": [
            0.33000001311302185,
            0.8700000047683716,
            0.1599999964237213
        ],
        "map_2_scale": [
            0.4000000059604645,
            0.6700000166893005,
            0.5
        ],
        "map_3_scale": [
            0.30000001192092896,
            1.1959999799728394,
            0.05999999865889549
        ],
        "map_1_offset": [
            0.0,
            0.0
        ],
        "map_2_offset": [
            0.0,
            0.0
        ],
        "map_3_offset": [
            0.0,
            0.0
        ],
        "terrain_offset": [
            -2.246000051498413,
            0.0,
            0.210999995470047
        ],
        "color_water": [
            0.041937511414289474,
            0.15930140018463135,
            0.278761088848114,
            1.0
        ],
        "color_grass": [
            0.5,
            0.49138540029525757,
            0.3053097426891327,
            1.0
        ],
        "color_mineral1": [
            0.0,
            0.08145041018724442,
            0.1150442361831665,
            1.0
        ],
        "color_mineral2": [
            0.030973434448242188,
            0.030400961637496948,
            0.029877029359340668,
            1.0
        ],
        "mineral_fading": [
            -3.200000047683716,
            15.800000190734863
        ],
        "water_altitude": 3.880000114440918,
        "water_fresnel": [
            0.75,
            0.10000000149011612
        ],
        "global_scale": 0.3799999952316284,
        "waves_scale": [
            30.0,
            0.009999999776482582,
            30.0
        ],
        "waves_speed": 3.0
    },
    "maps": {
        "main_noise_size": [
            8,
            8
        ],
        "map_size": [
            512,
            512
        ],
        "octaves_count": 8,
        "persistance": 0.7,
        "noise_seed": 0.0,
        "maps": [
            {
                "brightness": 2.273,
                "contrast": 3.33,
                "threshold": 0.485
            },
            {
                "brightness": 2.424,
                "contrast": 1.97,
                "threshold": 0.652
            },
            {
                "brightness": 1.818,
                "contrast": 0.909,
                "threshold": 0.5
            }
        ]
    },
    "camera": {
        "position": [
            -14.39401626586914,
            1.8976742029190063,
            21.836528778076172
        ],
        "rotation": [
            -0.032488930970430374,
            -0.7200300693511963,
            0.0
        ],
        "fov": 0.6981317400932312,
        "zBounds": [
            0.009999999776482582,
            100.0
        ]
    },
    "environment": {
        "sun_orientation": [
            0.27052605152130127,
            2.396407127380371
        ],
        "sun_color": [
            0.9955752491950989,
            0.9750699400901794,
            0.8942556381225586,
            1.0
        ],
        "sun_specular_color": [
            0.9904170632362366,
            0.991150438785553,
            0.8683530688285828,
            1.0
        ],
        "sun_intensity": 5.059999942779541,
        "sun_specular_intensity": 1.0,
        "fog_distance": [
            0.0,
            63.0
        ],
        "fog_color": [
            0.001233454910106957,
            0.0017598581034690142,
            0.030973434448242188,
            0.0
        ],
        "color_sky": [
            0.12016260623931885,
            0.05286239832639694,
            0.19911503791809082,
            1.0
        ],
        "ambient_color": [
            0.0,
            0.0,
            0.0,
            1.0
        ]
    },
    "atmosphere": {
        "horizon_color": [
            0.23494400084018707,
            0.2809634804725647,
            0.8849557638168335,
            1.0
        ],
        "ground_color": [
            0.535554826259613,
            0.8584070801734924,
            0.8155505657196045,
            1.0
        ],
        "horizon_sky_size": 0.800000011920929,
        "horizon_sky_falloff_size": 21.3700008392334,
        "horizon_ground_size": 1,
        "horizon_ground_falloff_size": 5,
        "light_intensity": 0.14000000059604645,
        "sky_horizon_smooth": 2.0999999046325684,
        "ground_horizon_smooth": 1,
        "sun_size": 0.3799999952316284,
        "sun_smooth": 0.23000000417232513,
        "sun_glow_intensity": 0.7099999785423279
    }
}