{
    "terrain": {
        "size": [
            10000.0,
            400.0,
            10000.0
        ],
        "grid_size": [
            250,
            250
        ],
        "normal_sample_radius": 0.01729997992515564,
        "grass_value": [
            0.9440000057220459,
            0.9490000009536743
        ],
        "map_1_scale": [
            0.20000000298023224,
            -4.980000019073486,
            0.10000000149011612
        ],
        "map_2_scale": [
            0.5,
            1.3300000429153442,
            0.5
        ],
        "map_3_scale": [
            0.09300000220537186,
            7.913000106811523,
            0.05900000035762787
        ],
        "map_1_offset": [
            -0.009999999776482582,
            0.0
        ],
        "map_2_offset": [
            -0.019999999552965164,
            0.0
        ],
        "map_3_offset": [
            0.0,
            0.0
        ],
        "terrain_offset": [
            -8.269000053405762,
            209.99998474121094,
            -8.72599983215332
        ],
        "color_water": [
            0.1961195170879364,
            0.8362832069396973,
            0.7003207206726074,
            1.0
        ],
        "color_grass": [
            0.8185840845108032,
            0.7023901343345642,
            0.36582738161087036,
            1.0
        ],
        "color_mineral1": [
            0.15937036275863647,
            0.32743364572525024,
            0.21588753163814545,
            1.0
        ],
        "color_mineral2": [
            0.8053097724914551,
            0.4322029948234558,
            0.18529249727725983,
            1.0
        ],
        "mineral_fading": [
            59.999996185302734,
            2120.0
        ],
        "water_altitude": 41.999999433755875,
        "water_fresnel": [
            0.8399999737739563,
            0.20000000298023224
        ],
        "global_scale": 0.1599999964237213,
        "waves_scale": [
            16.0,
            0.004999999888241291,
            16.0
        ],
        "waves_speed": 3.0
    },
    "maps": {
        "main_noise_size": [
            8,
            8
        ],
        "map_size": [
            512,
            512
        ],
        "octaves_count": 8,
        "persistance": 0.7,
        "noise_seed": 46.0,
        "maps": [
            {
                "brightness": 3.484999895095825,
                "contrast": 2.2730000019073486,
                "threshold": 0.5910000205039978
            },
            {
                "brightness": 2.121000051498413,
                "contrast": 0.7580000162124634,
                "threshold": 0.7120000123977661
            },
            {
                "brightness": 4.8480000495910645,
                "contrast": 6.363999843597412,
                "threshold": 0.5080000162124634
            }
        ]
    },
    "camera": {
        "position": [
            -2105.482421875,
            213.1568145751953,
            3529.069091796875
        ],
        "rotation": [
            0.007509538903832436,
            3.3200290203094482,
            0.0
        ],
        "fov": 0.7853981852531433,
        "zBounds": [
            1.0,
            10000.0
        ]
    },
    "environment": {
        "sun_orientation": [
            0.27576202154159546,
            0.29674091935157776
        ],
        "sun_color": [
            1.0,
            0.9946269989013672,
            0.9734513163566589,
            1.0
        ],
        "sun_specular_color": [
            1.0,
            1.0,
            1.0,
            1.0
        ],
        "sun_intensity": 2.0,
        "sun_specular_intensity": 1.0,
        "fog_distance": [
            1000.0,
            11180.0
        ],
        "fog_color": [
            0.455501526594162,
            0.2913892865180969,
            0.5353982448577881,
            0.0
        ],
        "color_sky": [
            0.3451327681541443,
            0.7392165660858154,
            1.0,
            1.0
        ],
        "ambient_color": [
            0.0,
            0.0,
            0.0,
            1.0
        ]
    },
    "atmosphere": {
        "horizon_color": [
            0.949406623840332,
            0.8318583965301514,
            1.0,
            1.0
        ],
        "ground_color": [
            0.535554826259613,
            0.8584070801734924,
            0.8155505657196045,
            1.0
        ],
        "horizon_sky_size": 0.800000011920929,
        "horizon_sky_falloff_size": 19.969999313354492,
        "horizon_ground_size": 1,
        "horizon_ground_falloff_size": 5,
        "light_intensity": 0.8399999737739563,
        "sky_horizon_smooth": 0.8799999952316284,
        "ground_horizon_smooth": 1,
        "sun_size": 0.3199999928474426,
        "sun_smooth": 0.6299999952316284,
        "sun_glow_intensity": 0.9900000095367432
    }
}