{
    "terrain": {
        "size": [
            1000.0,
            100.0,
            1000.0
        ],
        "grid_size": [
            255,
            255
        ],
        "normal_sample_radius": 0.006099997088313103,
        "grass_value": [
            0.9300000071525574,
            1.0
        ],
        "map_1_scale": [
            0.33000001311302185,
            0.8700000047683716,
            0.1599999964237213
        ],
        "map_2_scale": [
            0.4000000059604645,
            0.6700000166893005,
            0.5
        ],
        "map_3_scale": [
            0.30000001192092896,
            1.1959999799728394,
            0.05999999865889549
        ],
        "map_1_offset": [
            0.0,
            0.0
        ],
        "map_2_offset": [
            0.0,
            0.0
        ],
        "map_3_offset": [
            0.0,
            0.0
        ],
        "terrain_offset": [
            -2.246000051498413,
            0.0,
            0.210999995470047
        ],
        "color_water": [
            0.22352942824363708,
            0.5529412031173706,
            0.7098039388656616,
            1.0
        ],
        "color_grass": [
            0.43067002296447754,
            0.6637167930603027,
            0.2320071905851364,
            1.0
        ],
        "color_mineral1": [
            0.1835869699716568,
            0.16281621158123016,
            0.1946902871131897,
            1.0
        ],
        "color_mineral2": [
            0.6858407258987427,
            0.3594307601451874,
            0.060693852603435516,
            1.0
        ],
        "mineral_fading": [
            34.0,
            89.00000762939453
        ],
        "water_altitude": 38.00000000000001,
        "water_fresnel": [
            0.3799999952316284,
            0.20000000298023224
        ],
        "global_scale": 0.3799999952316284,
        "waves_scale": [
            10.0,
            0.009999999776482582,
            10.0
        ],
        "waves_speed": 2.0
    },
    "maps": {
        "main_noise_size": [
            8,
            8
        ],
        "map_size": [
            512,
            512
        ],
        "octaves_count": 8,
        "persistance": 0.7,
        "noise_seed": 62.0,
        "maps": [
            {
                "brightness": 2.273,
                "contrast": 3.33,
                "threshold": 0.485
            },
            {
                "brightness": 2.424,
                "contrast": 1.97,
                "threshold": 0.652
            },
            {
                "brightness": 1.818,
                "contrast": 0.909,
                "threshold": 0.5
            }
        ]
    },
    "camera": {
        "position": [
            38.945594787597656,
            31.850271224975586,
            488.0389099121094
        ],
        "rotation": [
            0.007507244125008583,
            -3.50004243850708,
            0.0
        ],
        "fov": 0.6981316804885864,
        "zBounds": [
            0.10000000149011612,
            1000.0
        ]
    },
    "environment": {
        "sun_orientation": [
            0.24434612691402435,
            3.8222713470458984
        ],
        "sun_color": [
            1.0,
            0.9999979734420776,
            0.9999899864196777,
            1.0
        ],
        "sun_specular_color": [
            1.0,
            1.0,
            1.0,
            1.0
        ],
        "sun_intensity": 2.0,
        "sun_specular_intensity": 1.0,
        "fog_distance": [
            320.0,
            850.0
        ],
        "fog_color": [
            0.47035789489746094,
            0.5637589693069458,
            0.6814159154891968,
            0.0
        ],
        "color_sky": [
            0.36283183097839355,
            0.729344367980957,
            1.0,
            1.0
        ],
        "ambient_color": [
            0.0,
            0.0,
            0.0,
            1.0
        ]
    },
    "atmosphere": {
        "horizon_color": [
            0.8539823293685913,
            0.9379777908325195,
            1.0,
            1.0
        ],
        "ground_color": [
            0.43764352798461914,
            0.5044248104095459,
            0.35041898488998413,
            1.0
        ],
        "horizon_sky_size": 0.1,
        "horizon_sky_falloff_size": 17.399999618530273,
        "horizon_ground_size": 0.1,
        "horizon_ground_falloff_size": 5,
        "light_intensity": 1.0,
        "sky_horizon_smooth": 0.4000000059604645,
        "ground_horizon_smooth": 0.6200000047683716,
        "sun_size": 0.1899999976158142,
        "sun_smooth": 0.3799999952316284,
        "sun_glow_intensity": 0.8399999737739563
    }
}