{
    "terrain": {
        "size": [
            10000.0,
            1000.0,
            10000.0
        ],
        "grid_size": [
            250,
            250
        ],
        "normal_sample_radius": 0.005699997767806053,
        "grass_value": [
            0.9169999957084656,
            0.9700000286102295
        ],
        "map_1_scale": [
            0.30000001192092896,
            1.4199999570846558,
            0.30000001192092896
        ],
        "map_2_scale": [
            0.07999999821186066,
            1.0700000524520874,
            0.10999999940395355
        ],
        "map_3_scale": [
            5.0,
            0.028999999165534973,
            3.0
        ],
        "map_1_offset": [
            0.05999999865889549,
            -0.009999999776482582
        ],
        "map_2_offset": [
            0.0,
            0.0
        ],
        "map_3_offset": [
            0.0,
            0.0
        ],
        "terrain_offset": [
            -2.044220447540283,
            0.0,
            0.3479999899864197
        ],
        "color_water": [
            0.25557994842529297,
            0.5982052087783813,
            0.9469026327133179,
            1.0
        ],
        "color_grass": [
            0.5309734344482422,
            0.3722093999385834,
            0.3148249685764313,
            1.0
        ],
        "color_mineral1": [
            0.3805309534072876,
            0.2306758612394333,
            0.2306758612394333,
            1.0
        ],
        "color_mineral2": [
            0.9292035102844238,
            0.44426265358924866,
            0.12334559112787247,
            1.0
        ],
        "mineral_fading": [
            -140.0,
            780.0
        ],
        "water_altitude": -82.0,
        "water_fresnel": [
            0.3100000023841858,
            0.10000000149011612
        ],
        "global_scale": 0.32600000500679016,
        "waves_scale": [
            10.0,
            0.009999999776482582,
            10.0
        ],
        "waves_speed": 2.0
    },
    "maps": {
        "main_noise_size": [
            8,
            8
        ],
        "map_size": [
            512,
            512
        ],
        "octaves_count": 8,
        "persistance": 0.7,
        "noise_seed": 28.0,
        "maps": [
            {
                "brightness": 2.177999973297119,
                "contrast": 3.631999969482422,
                "threshold": 0.4189999997615814
            },
            {
                "brightness": 3.134000062942505,
                "contrast": 0.949999988079071,
                "threshold": 0.9390000104904175
            },
            {
                "brightness": 1.818,
                "contrast": 0.909,
                "threshold": 0.5
            }
        ]
    },
    "camera": {
        "position": [
            -3734.496337890625,
            393.4328918457031,
            1654.7100830078125
        ],
        "rotation": [
            0.05751112475991249,
            -23.19192123413086,
            0.0
        ],
        "fov": 0.8883726000785828,
        "zBounds": [
            1.0,
            10000.0
        ]
    },
    "environment": {
        "sun_orientation": [
            0.30892330408096313,
            5.445584774017334
        ],
        "sun_color": [
            1.0,
            0.9999979734420776,
            0.9999899864196777,
            1.0
        ],
        "sun_specular_color": [
            1.0,
            1.0,
            1.0,
            1.0
        ],
        "sun_intensity": 2.0,
        "sun_specular_intensity": 2.119999885559082,
        "fog_distance": [
            1400.0,
            8350.0
        ],
        "fog_color": [
            0.3734043538570404,
            0.3921952247619629,
            0.5663716793060303,
            0.0
        ],
        "color_sky": [
            0.36283183097839355,
            0.729344367980957,
            1.0,
            1.0
        ],
        "ambient_color": [
            0.0,
            0.0,
            0.0,
            1.0
        ]
    },
    "atmosphere": {
        "horizon_color": [
            0.9999899864196777,
            0.999995768070221,
            1.0,
            1.0
        ],
        "ground_color": [
            0.4705882668495178,
            0.5647059082984924,
            0.6823529601097107,
            0.0
        ],
        "horizon_sky_size": 0.1,
        "horizon_sky_falloff_size": 23.690000534057617,
        "horizon_ground_size": 0.1,
        "horizon_ground_falloff_size": 5,
        "light_intensity": 1.0,
        "sky_horizon_smooth": 0.5099999904632568,
        "ground_horizon_smooth": 0.6200000047683716,
        "sun_size": 0.1899999976158142,
        "sun_smooth": 0.3799999952316284,
        "sun_glow_intensity": 0.949999988079071
    }
}