{
    "terrain": {
        "size": [
            10000.0,
            228.0,
            10000.0
        ],
        "grid_size": [
            255,
            255
        ],
        "normal_sample_radius": 0.00430000014603138,
        "grass_value": [
            0.9700000286102295,
            1.0
        ],
        "map_1_scale": [
            0.4699999988079071,
            -1.0,
            0.3400000035762787
        ],
        "map_2_scale": [
            0.44999998807907104,
            0.5400000214576721,
            0.5299999713897705
        ],
        "map_3_scale": [
            0.15000000596046448,
            2.3010001182556152,
            0.20000000298023224
        ],
        "map_1_offset": [
            -0.009999999776482582,
            0.0
        ],
        "map_2_offset": [
            -0.019999999552965164,
            0.0
        ],
        "map_3_offset": [
            0.0,
            0.0
        ],
        "terrain_offset": [
            6.074999809265137,
            230.0,
            -6.678999900817871
        ],
        "color_water": [
            0.3312710225582123,
            0.6482582092285156,
            0.7964601516723633,
            1.0
        ],
        "color_grass": [
            0.38431376218795776,
            0.7098039388656616,
            0.13725490868091583,
            1.0
        ],
        "color_mineral1": [
            0.1194690465927124,
            0.09342683851718903,
            0.08140811324119568,
            1.0
        ],
        "color_mineral2": [
            0.8672566413879395,
            0.5987738370895386,
            0.35304251313209534,
            1.0
        ],
        "mineral_fading": [
            59.999996185302734,
            1009.9999389648438
        ],
        "water_altitude": 180.0,
        "water_fresnel": [
            0.75,
            0.05999999865889549
        ],
        "global_scale": 0.5,
        "waves_scale": [
            10.0,
            0.004000000189989805,
            10.0
        ],
        "waves_speed": 3.0
    },
    "maps": {
        "main_noise_size": [
            8,
            8
        ],
        "map_size": [
            512,
            512
        ],
        "octaves_count": 8,
        "persistance": 0.7,
        "noise_seed": 30.0,
        "maps": [
            {
                "brightness": 2.7269999980926514,
                "contrast": 1.6670000553131104,
                "threshold": 0.6740000247955322
            },
            {
                "brightness": 2.4240000247955322,
                "contrast": 0.9089999794960022,
                "threshold": 0.7269999980926514
            },
            {
                "brightness": 2.4240000247955322,
                "contrast": 2.5759999752044678,
                "threshold": 0.5299999713897705
            }
        ]
    },
    "camera": {
        "position": [
            4055.1025390625,
            343.8580017089844,
            103.80351257324219
        ],
        "rotation": [
            -0.03248848021030426,
            -7.209527492523193,
            0.0
        ],
        "fov": 0.7853981852531433,
        "zBounds": [
            1.0,
            10000.0
        ]
    },
    "environment": {
        "sun_orientation": [
            0.30195942521095276,
            1.9288333654403687
        ],
        "sun_color": [
            1.0,
            0.9791402816772461,
            0.8938053250312805,
            1.0
        ],
        "sun_specular_color": [
            0.6398308873176575,
            0.8107579350471497,
            0.9513274431228638,
            1.0
        ],
        "sun_intensity": 1.0,
        "sun_specular_intensity": 0.7699999809265137,
        "fog_distance": [
            3000.0,
            6000.0
        ],
        "fog_color": [
            0.6157491207122803,
            0.748595118522644,
            0.8185840845108032,
            1.0
        ],
        "color_sky": [
            0.27450981736183167,
            0.6509804129600525,
            0.9333333969116211,
            1.0
        ],
        "ambient_color": [
            9.999999974752427e-07,
            9.999899930335232e-07,
            9.999987469200278e-07,
            0.0
        ]
    },
    "atmosphere": {
        "horizon_color": [
            0.9999921917915344,
            0.9999899864196777,
            1.0,
            1.0
        ],
        "ground_color": [
            0.5024276971817017,
            0.6444874405860901,
            0.8053097724914551,
            1.0
        ],
        "horizon_sky_size": 0.1,
        "horizon_sky_falloff_size": 24.760000228881836,
        "horizon_ground_size": 0.1,
        "horizon_ground_falloff_size": 3.390000104904175,
        "light_intensity": 1.0,
        "sky_horizon_smooth": 0.5,
        "ground_horizon_smooth": 0.3700000047683716,
        "sun_size": 0.4699999988079071,
        "sun_smooth": 0.07000000029802322,
        "sun_glow_intensity": 0.949999988079071
    }
}